{
  "version": 1,
  "author": "Anonymous maker",
  "editor": "wokwi",
  "parts": [
    { "type": "wokwi-arduino-uno", "id": "uno", "top": 92.23, "left": -66.88, "attrs": {} },
    { "type": "wokwi-hc-sr04", "id": "ultrasonic1", "top": 90.07, "left": 303.72, "attrs": {} },
    {
      "type": "wokwi-led",
      "id": "led1",
      "top": -172.46,
      "left": 12.04,
      "attrs": { "color": "red" }
    },
    {
      "type": "wokwi-resistor",
      "id": "r1",
      "top": -76.88,
      "left": 35.71,
      "attrs": { "value": "1000" }
    },
    {
      "type": "wokwi-buzzer",
      "id": "bz1",
      "top": -125.52,
      "left": 285.6,
      "attrs": { "volume": "0.1" }
    },
    {
      "type": "wokwi-ntc-temperature-sensor",
      "id": "ntc1",
      "top": -17.36,
      "left": -147.5,
      "attrs": {}
    }
  ],
  "connections": [
    [ "led1:C", "r1:1", "green", [ "v0" ] ],
    [ "bz1:1", "uno:GND.1", "black", [ "v34.35", "h-264.89" ] ],
    [ "ultrasonic1:GND", "uno:GND.2", "black", [ "v124.94", "h-288.85" ] ],
    [ "ultrasonic1:ECHO", "uno:6", "gold", [ "v64.22", "h-160.39", "v-194.66", "h-94.65" ] ],
    [ "bz1:2", "uno:8", "red", [ "v53.4", "h-214.17" ] ],
    [ "ultrasonic1:TRIG", "uno:7", "yellow", [ "v38.03", "h-130.15", "v-193.47", "h-122.03" ] ],
    [ "ultrasonic1:VCC", "uno:5V", "red", [ "v166.02", "h-265.4" ] ],
    [ "led1:A", "uno:2", "green", [ "v17.92", "h150.55", "v38.69", "h-72.03" ] ],
    [
      "ntc1:VCC",
      "uno:5V",
      "red",
      [ "h23.9", "v54.15", "h-105.37", "v272.64", "h184.54", "v1.19" ]
    ],
    [ "ntc1:OUT", "uno:A2", "green", [ "h13.78", "v34.93", "h-115.49", "v313.12", "h273.24" ] ],
    [ "ntc1:GND", "uno:GND.1", "black", [ "h0" ] ],
    [ "r1:2", "uno:GND.1", "green", [ "v105.13", "h-45.61", "v67.33" ] ]
  ],
  "dependencies": {}
}